noise_type,n,fine_acc,binary_acc,anchor_acc,false_safe,avg_latency
ambiguous_commercial_name,6,1.0,1.0,1.0,0,11.17842805385589
compound_food,6,1.0,1.0,1.0,0,15.85358198483785
incomplete_label,6,0.3333333333333333,0.3333333333333333,0.1666666666666666,0,8.128145893414816
missing_quantity_unit,6,0.8333333333333334,0.8333333333333334,0.6666666666666666,0,16.526827216148376
multilingual_synonym,6,1.0,1.0,0.5,0,15.403760234514872
